dbpedia_14427,1,film holiday band film film album person musical film album
dbpedia_3681,0,book televisionshow film film person televisionshow person film film film
dbpedia_12020,0,country administrativeregion administrativeregion country town administrativeregion administrativeregion station officeholder country
dbpedia_10315,0,currency weapon televisionshow book manga settlement single musicalartist televisionstation book
dbpedia_1335,0,person person officeholder officeholder building officeholder person film film person
dbpedia_6016,0,protein university university single scientist noble university album academicjournal protein
dbpedia_3432,0,film magazine radiostation person radiostation organisation administrativeregion supremecourtoftheunitedstatescase person magazine
dbpedia_16006,0,crater officeholder writer golfplayer film soccerplayer person book book mayor
dbpedia_278,1,person person person award person person person person person person
dbpedia_7661,0,soccerplayer soccerplayer soccerplayer soccerplayer soccerplayer soccerplayer soccerplayer soccerplayer soccerplayer soccerplayer
dbpedia_11196,0,writer person settlement volleyballplayer village writer writer soccermanager person historicbuilding
dbpedia_9060,1,ethnicgroup currency ethnicgroup weapon language recordlabel televisionshow book settlement manga
dbpedia_14631,1,anime film fictionalcharacter televisionshow comic person film book film film
dbpedia_6019,0,food criminal politician officeholder river settlement town soccerplayer basketballteam town
dbpedia_21638,0,radioprogram company company station televisionshow company televisionshow musical comic televisionstation
dbpedia_4600,0,company americanfootballplayer road nationalfootballleagueseason nationalfootballleagueseason road americanfootballplayer ncaateamseason shoppingmall americanfootballplayer
dbpedia_20525,1,writer televisionshow book book person book book book writer hospital
dbpedia_22649,1,school school school school school americanfootballplayer school school school school
dbpedia_14877,1,chemicalcompound chemicalcompound weapon chemicalcompound chemicalcompound chemicalcompound chemicalcompound chemicalcompound chemicalcompound chemicalcompound
dbpedia_22706,1,senator writer non profitorganisation election person person election film officeholder person
dbpedia_20349,0,film person film person building televisionshow playboyplaymate person artist writer
dbpedia_5165,0,railwayline town handballteam hockeyteam town country town settlement airport town
dbpedia_16157,0,film person book book book book televisionshow book televisionshow person
dbpedia_10722,0,museum museum museum non profitorganisation museum museum museum person museum museum
dbpedia_3860,0,event soccertournament soccerplayer event rugbyplayer soccertournament soccerclub soccertournament soccertournament soccertournament
dbpedia_6003,0,writer writer film band royalty island fungus person scientist park
dbpedia_8347,1,single musicalartist musicalartist musicalartist single band musicalartist musicalartist band musicalartist
dbpedia_7283,0,cyclist film fictionalcharacter fictionalcharacter artist person historian comicscharacter writer person
dbpedia_6797,1,station station station station station station railwaystation station station station
dbpedia_4735,0,governmentagency ethnicgroup building academicjournal person officeholder president tennisplayer country person
dbpedia_8989,0,person person person person person person person person person person
dbpedia_378,0,videogame book fictionalcharacter fictionalcharacter fictionalcharacter televisionepisode videogame magazine book book
dbpedia_21199,0,website fish fish fish fish insect insect insect insect fish
dbpedia_9088,0,historicplace town station rugbyclub stadium station administrativeregion school school town
dbpedia_13222,1,person film film film film film person person person film
dbpedia_16208,0,book person book writer film writer writer band person publisher
dbpedia_5351,0,mythologicalfigure insect insect insect musicgenre musicalartist crater insect musicalartist insect
dbpedia_4947,1,galaxy galaxy galaxy galaxy galaxy galaxy galaxy galaxy galaxy galaxy
dbpedia_4069,0,film person play film person baronet film book televisionshow musicalartist
dbpedia_4908,0,athlete organisation organisation organisation organisation organisation badmintonplayer sportsleague person organisation
dbpedia_21148,1,company company militaryperson company company school company company company website
dbpedia_12607,0,officeholder cleric person artist musicalartist album rower politician rower politicalparty
dbpedia_14616,0,protein single person single person song album film film single
dbpedia_3912,0,footballmatch footballmatch footballmatch soccertournament footballmatch footballmatch soccertournament footballmatch footballmatch soccertournament
dbpedia_23314,1,televisionepisode televisionepisode televisionepisode televisionepisode televisionepisode televisionepisode televisionepisode televisionepisode televisionepisode televisionepisode
dbpedia_19823,0,ncaateamseason businessperson person building magazine medician building company venue hospital
dbpedia_21397,1,scientist scientist single single writer single single single album artist
dbpedia_3191,0,militaryunit militaryconflict militaryunit militaryunit militaryunit athlete athlete militaryconflict athlete militaryperson
dbpedia_18563,0,building school school song school school school school school school
dbpedia_19114,0,planet planet artificialsatellite artwork book artificialsatellite book book planet book
dbpedia_13642,1,album album single album single person single single album single
dbpedia_20239,0,militarystructure militaryconflict building building school christianbishop building road settlement airport
dbpedia_20570,0,river river river river river river settlement village town settlement
dbpedia_17323,0,album single album album band song band song album single
dbpedia_12220,1,architect cricketer village film award writer cricketer videogame person film
dbpedia_13314,0,company company automobileengine single company year year year year year
dbpedia_3047,0,artwork mammal soccerleague soccerplayer film airport film airport town airport
dbpedia_9126,1,screenwriter person televisionepisode person person person film televisionshow person actor
dbpedia_2906,1,company militaryunit company company company publictransitsystem company company company company
dbpedia_21657,1,televisionshow film band televisionshow televisionshow writer comedian person televisionstation televisionshow
dbpedia_2824,1,person person person person person person royalty writer royalty person
dbpedia_2821,0,reptile reptile reptile insect reptile reptile reptile album insect reptile
dbpedia_6733,0,book book album album artistdiscography album magazine book single book
dbpedia_15113,1,book writer book writer book person book book book book
dbpedia_18698,1,settlement televisionstation scientist settlement economist airport settlement railwaystation settlement park
dbpedia_20498,1,beverage martialartist person baseballplayer baseballplayer baseballplayer museum company building rugbyplayer
dbpedia_7757,1,chemicalcompound chemicalcompound chemicalcompound enzyme enzyme enzyme enzyme enzyme enzyme enzyme
dbpedia_15498,1,scientist scientist diocese settlement soccerclub film settlement diocese soccerclub writer
dbpedia_1700,1,chemicalcompound mineral mineral mineral chemicalcompound chemicalcompound album album chemicalcompound album
dbpedia_2594,0,militaryconflict militaryconflict person primeminister administrativeregion noble officeholder militaryconflict writer country
dbpedia_1712,1,person person person person band person architect person company broadcastnetwork
dbpedia_2928,0,city city settlement city settlement airport city convention town city
dbpedia_15941,0,building cave island settlement park settlement plant surname book hotel
dbpedia_13882,0,writer person person film person person writer televisionshow royalty song
dbpedia_11670,0,city crater airport museum crater astronaut astronaut astronaut astronaut launchpad
dbpedia_5923,1,artificialsatellite artificialsatellite automobile automobile ship ship company automobile ship film
dbpedia_6463,1,chemicalcompound plant plant plant chemicalcompound drug chemicalcompound species chemicalcompound drug
dbpedia_13832,1,chemicalcompound chemicalcompound chemicalcompound chemicalcompound chemicalcompound chemicalcompound chemicalcompound chemicalcompound chemicalcompound chemicalcompound
dbpedia_21176,1,person person scientist televisionshow company businessperson businessperson company company book
dbpedia_173,1,planet film person island film song person film album person
dbpedia_17854,0,soccerplayer person swimmer settlement person cyclist musicalartist officeholder soccerplayer musicalartist
dbpedia_15961,0,politicalparty officeholder politicalparty officeholder officeholder town officeholder primeminister politicalparty politicalparty
dbpedia_9617,0,brain brain brain artery brain software person animal amphibian anatomicalstructure
dbpedia_21544,1,award hospital book writtenwork book museum cardinal university crater person
dbpedia_22898,0,beachvolleyballplayer person volleyballplayer settlement film company scientist film film settlement
dbpedia_1854,1,settlement company station station station station railwayline station station bridge
dbpedia_9396,1,officeholder officeholder governmentagency officeholder militaryperson ship governmentagency president person person
dbpedia_22744,0,event curler film film building televisionshow curler militaryunit militaryperson militaryperson
dbpedia_15336,1,crustacean person writer scientist actor writer writer painter organisation militaryperson
dbpedia_20387,1,officeholder noble primeminister officeholder fish person fish village artist fish
dbpedia_2148,0,book swimmer sportsevent sportsevent sportsevent sportsevent sportsevent sportsevent sportsevent sportsevent
dbpedia_4898,1,settlement protectedarea mountain cricketteam town mountain mountain musicalartist mountain golftournament
dbpedia_9292,0,writer book book militaryperson politician airline militaryperson scientist fictionalcharacter officeholder
dbpedia_20909,0,militaryconflict militaryconflict village militaryconflict militaryconflict militaryconflict militaryconflict militaryconflict militaryconflict militaryconflict
dbpedia_3582,1,chemicalcompound drug plant drug drug drug drug drug drug drug
dbpedia_10664,0,cyclist soccerplayer soccerplayer televisionstation soccerplayer soccerplayer soccerplayer soccerplayer soccerplayer soccerplayer
dbpedia_13042,0,album album film film fictionalcharacter film film book televisionshow film
dbpedia_1818,1,tennistournament historicplace tennistournament town historicplace wrestlingevent person building building settlement
dbpedia_3383,0,album album film person film film musicalartist person person single
dbpedia_9262,0,city historicbuilding saint religiousbuilding building historicbuilding library holiday saint school
dbpedia_16225,0,band film film musicalartist film film film musicalartist town album
dbpedia_20481,1,city river river river river river river river river river
dbpedia_17418,0,rugbyplayer rugbyplayer rugbyplayer rugbyplayer rugbyclub rugbyplayer rugbyplayer rugbyplayer rugbyclub rugbyclub
dbpedia_1924,1,person musicalartist company company company magazine company company university musicalartist
dbpedia_20658,1,tabletennisplayer sea animal settlement militaryconflict animal building earthquake software mountain
dbpedia_21613,1,road gaelicgamesplayer historicplace historicplace road settlement road road road building
dbpedia_4522,0,royalty noble noble noble militaryconflict person single noble country christianbishop
dbpedia_17379,1,organisation town settlement cricketteam settlement historicplace settlement settlement settlement company
dbpedia_16220,1,single settlement single single band person film enzyme settlement settlement
dbpedia_13810,0,road road road company supremecourtoftheunitedstatescase company road road road automobile
dbpedia_18815,0,building ethnicgroup building historicbuilding historicbuilding historicbuilding supremecourtoftheunitedstatescase historicbuilding historicplace historicplace
dbpedia_10265,0,disease disease disease disease disease protein disease disease protein disease
dbpedia_18247,0,school stadium school university university university university soccerplayer university volcano
dbpedia_9722,0,soccerplayer soccerplayer soccerplayer soccerplayer soccerplayer soccerplayer soccerplayer soccerplayer soccerplayer soccerplayer
dbpedia_7302,0,company architect stadium building person building building building building museum
dbpedia_17329,0,album road school venue noble noble settlement militaryconflict militaryperson scientist
dbpedia_15318,0,militaryconflict museum person militaryconflict scientist museum book historian organisation country
dbpedia_20049,1,militaryunit ship militaryunit ship militaryperson militaryconflict militaryconflict militaryperson airport automobile
dbpedia_21078,0,cheese actor film person person militaryconflict royalty athlete historicbuilding christianbishop
dbpedia_13992,0,band book musicalartist album album band album musicalartist band song
dbpedia_13429,1,person fictionalcharacter politician play scientist fictionalcharacter musicalartist televisionshow televisionshow fictionalcharacter
dbpedia_19161,0,handballplayer company company person soccerclubseason company book book person book
dbpedia_9736,0,officeholder officeholder ship election building administrativeregion election election city election
dbpedia_12011,1,olympicresult soccerleague organisation rugbyclub soccerplayer organisation athlete televisionshow athlete soccerclub
dbpedia_21188,1,televisionstation radiostation televisionstation radiostation televisionshow televisionshow televisionshow televisionshow company building
dbpedia_8519,1,ethnicgroup militaryconflict royalty settlement settlement country settlement supremecourtoftheunitedstatescase settlement settlement
dbpedia_14927,1,film album film person fictionalcharacter person person film person award
dbpedia_314,1,militaryperson officeholder award award scientist officeholder scientist person historian person
dbpedia_9297,1,christianbishop saint saint writer artist person artist settlement scientist person
dbpedia_14594,0,album album hollywoodcartoon band book album person academicjournal actor album
dbpedia_22957,1,congressman memberofparliament person judge building ship officeholder scientist officeholder officeholder
dbpedia_5316,0,athlete athlete athlete olympicevent athlete athlete athlete athlete athlete athlete
dbpedia_6570,1,planet planet planet planet planet planet asteroid planet planet asteroid
dbpedia_11205,0,organisation book book book writtenwork book book writer book book
dbpedia_4293,0,town organisation politicalparty officeholder organisation organisation bank officeholder company organisation
dbpedia_2699,0,noble noble noble person soccerplayer musicalartist cricketer rugbyplayer settlement soccerplayer
dbpedia_12050,0,song single single single single song album single album single
dbpedia_20417,1,settlement administrativeregion road settlement school town road settlement road road
dbpedia_22782,1,software company software software software software company software software software
dbpedia_2392,0,academicjournal academicjournal person drug academicjournal university drug drug drug drug
dbpedia_14790,1,diocese diocese diocese diocese diocese diocese diocese historicplace religiousbuilding settlement
dbpedia_22611,1,televisionshow musicalartist televisionshow televisionshow televisionshow televisionshow person televisionshow televisionshow televisionshow
dbpedia_4459,0,royalty film film lacrosseplayer book single memberofparliament royalty royalty royalty
dbpedia_21142,1,officeholder officeholder officeholder person cricketer militaryperson officeholder artist election governmentagency
dbpedia_19907,1,single musicalartist televisionepisode single televisionshow album album fictionalcharacter building televisionshow
dbpedia_16466,0,militaryconflict militaryconflict militaryconflict monarch country militaryconflict militaryconflict mountainpass administrativeregion militaryconflict
dbpedia_19706,0,mayor publictransitsystem company company person station company building governmentagency governmentagency
dbpedia_15509,0,book writtenwork film book book film book writtenwork musicalartist writtenwork
dbpedia_19932,1,hockeyteam australianrulesfootballplayer historicplace athlete university school writer building person school
dbpedia_7958,0,book book writer book televisionshow historian book book book televisionshow
dbpedia_14861,0,bird bird bird bird bird bird bird plant bird reptile
dbpedia_19181,1,saint saint saint christianbishop saint cardinal cardinal saint televisionshow saint
dbpedia_10914,1,person book band religiousbuilding band writer organisation artwork school bank
dbpedia_14317,0,settlement insect reptile plant settlement insect plant settlement insect fish
dbpedia_12295,0,person person person band musicalartist televisionshow person song person musical
dbpedia_414,1,station bridge university university company railwayline university building stadium band
dbpedia_15183,0,academicjournal academicjournal academicjournal magazine academicjournal academicjournal academicjournal academicjournal academicjournal academicjournal
dbpedia_14056,1,musicalartist settlement settlement soccerplayer theatre settlement artist administrativeregion person wrestler
dbpedia_10332,0,company company company company company company company company company company
dbpedia_19448,1,language language ethnicgroup software language writer school person language language
dbpedia_18948,1,televisionstation televisionstation televisionstation radiostation televisionstation radiostation televisionstation televisionstation televisionstation radiostation
dbpedia_18673,1,company person company company person company company televisionstation publisher film
dbpedia_4177,1,building building place building historicplace historicplace historicplace building historicplace historicplace
dbpedia_13296,1,film person film film film film film film film film
dbpedia_790,0,icehockeyleague icehockeyleague icehockeyleague icehockeyleague hockeyteam convention icehockeyleague icehockeyleague sportsleague icehockeyleague
dbpedia_3738,0,lake settlement town protectedarea book settlement settlement building settlement bird
dbpedia_21374,1,officeholder officeholder officeholder officeholder officeholder officeholder officeholder officeholder officeholder election
dbpedia_23073,0,historicplace mammal cave cave person cave administrativeregion soccermanager cave album
dbpedia_14647,1,galaxy galaxy galaxy galaxy galaxy galaxy galaxy galaxy galaxy galaxy
dbpedia_6040,1,chemicalcompound chemicalcompound chemicalcompound chemicalcompound chemicalcompound chemicalcompound chemicalcompound chemicalcompound chemicalcompound chemicalcompound
dbpedia_20253,1,radioprogram televisionshow person theatre congressman theatre person company person venue
dbpedia_3843,1,christianbishop officeholder militaryperson soccermanager scientist cleric person scientist person racehorse
dbpedia_7397,1,aircraft airport aircraft aircraft airline airline airline airline aircraft airline
dbpedia_20926,1,ncaateamseason soccerplayer ncaateamseason soccerplayer ncaateamseason soccerplayer ncaateamseason ncaateamseason ncaateamseason ncaateamseason
dbpedia_10758,1,mountainrange militaryunit settlement settlement militaryconflict film stadium country settlement militaryconflict
dbpedia_17182,1,film book person officeholder officeholder scientist person school single film
dbpedia_9408,0,drug person company drug drug plant weapon drug company drug
dbpedia_16270,0,noble artwork artwork artist noble noble royalty artwork noble artwork
dbpedia_12971,0,amphibian memberofparliament fish village insect insect amphibian mollusca person officeholder
dbpedia_12975,0,book book book book single book single book videogame book
dbpedia_11818,1,supremecourtoftheunitedstatescase chemicalcompound animal food settlement food historicplace food company historicplace
dbpedia_12677,1,christianbishop officeholder militaryperson soccermanager scientist cleric person scientist person racehorse
dbpedia_17891,0,drug drug film drug drug drug drug disease company drug
dbpedia_4409,0,film poem album film musicalartist televisionepisode scientist soccerplayer soccerplayer person
dbpedia_6848,0,person soccermanager athlete film photographer artist mountain actor soccerplayer album
dbpedia_13273,0,historicplace company historicplace historicplace film company artist artwork building building
dbpedia_11234,1,person academicjournal philosopher scientist person academicjournal person island scientist scientist
dbpedia_14649,0,officeholder televisionshow noble militaryconflict royalty administrativeregion royalty book musicalartist bird
dbpedia_19693,1,historian person baseballplayer company person town university building collegecoach architect
dbpedia_3388,0,country country country settlement settlement settlement station settlement settlement settlement
dbpedia_11013,1,book book book book book book televisionshow person book book
dbpedia_5209,1,person person scientist organisation scientist person person economist person person
dbpedia_14707,1,person businessperson person person person person person person person person
dbpedia_15992,1,city settlement settlement scientist politician officeholder administrativeregion city televisionshow militarystructure
dbpedia_23333,1,film settlement artistdiscography sportsteam building school saint film videogame royalty
dbpedia_20105,1,criminal criminal criminal criminal criminal filmfestival criminal criminal film person
dbpedia_13221,0,film writer film noble musicalartist royalty book film film royalty
dbpedia_11761,0,currency currency currency currency currency currency currency currency currency currency
dbpedia_15360,0,academicjournal software scientist scientist software academicjournal academicjournal scientist academicjournal organisation
dbpedia_15044,0,soccerleague adultactor album administrativeregion play book americanfootballplayer village supremecourtoftheunitedstatescase supremecourtoftheunitedstatescase
dbpedia_10759,0,plant plant bird bird plant fern mollusca fish fish bird
dbpedia_1011,0,company settlement university governmentagency radiostation company stadium shoppingmall settlement ethnicgroup
dbpedia_9094,0,person person film single single televisionshow film play musical single
dbpedia_5612,0,single single film film film saint book musicalartist historicbuilding monument
dbpedia_9615,0,militaryperson tennisplayer person film person film videogame judge album book
dbpedia_8196,0,language award writer person writer person writer academicjournal writer person
dbpedia_5151,1,newspaper governmentagency settlement governmentagency single single governmentagency person governmentagency company
dbpedia_13321,1,book book book book book book person writer film writer
dbpedia_11422,1,ship person album settlement film historicbuilding artist musicalartist givenname book
dbpedia_22233,0,school school historicplace school americanfootballplayer school school school school school
dbpedia_8179,1,company bridge architect person bridge stadium building building building building
dbpedia_21937,1,formulaoneteam motorcycle formulaoneteam motorcyclerider motorcycle grandprix motorsportseason grandprix formulaoneteam grandprix
dbpedia_16439,1,band band musicalartist album single band band single musicalartist guitarist
dbpedia_19800,1,person settlement televisionshow televisionshow company televisionstation fashiondesigner televisionshow televisionshow televisionshow
dbpedia_10232,1,academicjournal school website book book book book book religiousbuilding book
dbpedia_13531,0,book language town website company album fungus book bird software
dbpedia_3210,1,royalty royalty royalty royalty royalty royalty royalty person royalty royalty
dbpedia_2979,1,anatomicalstructure anatomicalstructure muscle website anatomicalstructure muscle protein museum disease disease
dbpedia_16324,1,river river river river river river bank river river settlement
dbpedia_132,1,person militaryperson historicplace monarch noble language band plant single weapon
dbpedia_6566,1,monarch ethnicgroup ethnicgroup ethnicgroup militaryconflict settlement ethnicgroup ethnicgroup ethnicgroup ethnicgroup
dbpedia_17256,1,film film person film person film film album film person
dbpedia_12884,1,park royalty royalty militaryconflict settlement person militaryconflict ship settlement settlement
dbpedia_16771,0,song single band album single architect person single single film
dbpedia_13979,1,album book film artist person film album artwork person artist
dbpedia_8866,1,person award award award film award person film film person
dbpedia_21238,0,ship ship ship ship ship ship airport ship ship ship
dbpedia_19947,1,song song album song album musical song song single band
dbpedia_16666,0,person film single film film person single film film film
dbpedia_13229,1,company software radiostation software software railwayline station soccerleague book buscompany
dbpedia_20812,1,writer person televisionshow televisionshow company televisionshow televisionshow televisionshow televisionshow televisionshow
dbpedia_21198,1,bodyofwater lake lake lake bodyofwater lake lake bay lake lake
dbpedia_6839,1,album film musicalartist film album album album athlete album album
dbpedia_22487,1,musicalartist company person company company company person company company film
dbpedia_4416,1,writer book film film writer book award album book writtenwork
dbpedia_20342,1,album album album album single album musicalartist album album recordlabel
dbpedia_20727,1,book person album basketballplayer band soccerplayer play politician place officeholder
dbpedia_3742,0,person racehorse ship book cricketer single restaurant film cultivatedvariety cultivatedvariety
dbpedia_12352,1,mineral chemicalcompound mineral chemicalcompound chemicalcompound mineral chemicalcompound mineral chemicalcompound mineral
dbpedia_1456,1,writer philosopher cleric writer film person food person cleric christianbishop
dbpedia_10325,0,album album album album album album song album album album
dbpedia_9747,0,non profitorganisation mollusca televisionepisode fish mollusca fungus company fungus fish animal
dbpedia_4229,0,olympicevent skier skier olympicevent organisation rugbyplayer rugbyplayer olympicevent rugbyplayer rugbyplayer
dbpedia_5946,0,figureskater figureskater figureskater figureskater figureskater figureskater figureskater figureskater musicalartist settlement
dbpedia_1671,0,single single book artwork book single manga film album single
dbpedia_12351,0,film company mollusca film company person school disease radiostation film
dbpedia_14,0,book motorcycle settlement company book drug crater supremecourtoftheunitedstatescase chemicalcompound drug
dbpedia_21745,1,person videogame person person person videogame person film televisionseason person
dbpedia_5682,1,book book cleric book manga book book comicscreator book book
dbpedia_13239,0,scientist judge scientist settlement book scientist soccerplayer book band economist
dbpedia_5592,0,album album album album album comic album comedygroup film album
dbpedia_9096,0,film film film film film film film film film actor
dbpedia_18108,1,writer play televisionshow televisionshow televisionshow soapcharacter soapcharacter soapcharacter soapcharacter website
dbpedia_13197,0,artificialsatellite astronaut artificialsatellite artificialsatellite book artificialsatellite artificialsatellite astronaut artificialsatellite artificialsatellite
dbpedia_3822,0,soccerleague soccerplayer cricketer historicbuilding musicalartist militaryperson cricketer school cricketer cricketer
dbpedia_20350,1,rocket rocket aircraft company aircraft company aircraft aircraft aircraft company
dbpedia_3347,1,band band musicalartist musicalartist album album artistdiscography single single song
dbpedia_2505,0,organisation adultactor song organisation historicplace non profitorganisation writer person company person
dbpedia_14185,0,museum royalty primeminister royalty footballleagueseason ethnicgroup album royalty politician film
dbpedia_14087,0,organisation insect insect insect organisation insect insect insect academicjournal insect
dbpedia_7569,1,album film single single single song single mountain person single
dbpedia_15389,0,play organisation hotel governmentagency museum mythologicalfigure militaryunit soccerclub militaryunit militaryperson
dbpedia_21497,0,chancellor memberofparliament christianbishop memberofparliament company memberofparliament politician architect administrativeregion election
dbpedia_10243,0,militaryconflict militaryunit militaryunit militaryunit militaryunit militaryunit militaryconflict militaryconflict militaryunit militaryunit
dbpedia_8058,0,economist economist university university economist hollywoodcartoon album architect album snookerplayer
dbpedia_5389,0,philosopher musicalartist philosopher officeholder officeholder scientist judge person memberofparliament artist
dbpedia_12044,0,book actor fictionalcharacter album album historicbuilding officeholder militaryconflict album animal
dbpedia_2093,0,videogame videogame videogame videogame videogame videogame videogame single year book
dbpedia_12244,1,diocese historicbuilding religiousbuilding historicbuilding historicbuilding religiousbuilding building language village historicbuilding
dbpedia_22546,1,animangacharacter animangacharacter person person person person person person person person
dbpedia_17295,0,garden garden garden garden garden garden garden garden garden garden
dbpedia_13393,1,song book book song single game writer videogame album single
dbpedia_1211,1,person planet film film royalty album university album planet videogame
dbpedia_8082,1,governmentagency company language governmentagency broadcastnetwork language organisation anatomicalstructure organisation philosopher
dbpedia_23101,1,politician person building settlement person person person officeholder person book
dbpedia_6954,1,organisation soccertournament soccertournament event organisation tradeunion soccerleague footballmatch organisation bank
dbpedia_22640,1,artist song song film basketballplayer song givenname school university album
dbpedia_13998,0,single settlement single single band person film enzyme settlement settlement
dbpedia_10615,1,bridge historicplace building bridge bridge bridge bridge building bridge bridge
dbpedia_22095,0,cardinal film cardinal painter historicbuilding volleyballplayer person religiousbuilding royalty painter
dbpedia_14342,1,constellation star star star star single single star person species
dbpedia_13907,0,album historicplace band single historicplace building road album university comicscharacter
dbpedia_15650,0,film film televisionshow film person play building person person televisionshow
dbpedia_7236,1,ethnicgroup ethnicgroup ethnicgroup settlement officeholder ethnicgroup officeholder ethnicgroup ethnicgroup militaryconflict
dbpedia_7319,0,artwork artwork artwork play politician officeholder writer film single fish
dbpedia_11153,1,settlement settlement island book royalty noble royalty city governmentagency city
dbpedia_10784,1,film film film film film film book film person film
dbpedia_18235,1,person comicscreator person artist artist writer comicscreator person writer musicalartist
dbpedia_19296,1,lake mountain mountain mountain glacier mountain mountain plant protectedarea mountain
dbpedia_5911,1,buscompany company company company company company company company company company
dbpedia_1081,1,settlement city university city university settlement settlement settlement building settlement
dbpedia_9625,0,olympicevent gymnast gymnast gymnast gymnast gymnast gymnast gymnast gymnast olympicevent
dbpedia_14981,0,recordlabel company company building company film film film film company
dbpedia_6289,0,book book book book book writtenwork book book book film
dbpedia_22180,1,officeholder politicalparty election officeholder hospital election politician officeholder politicalparty person
dbpedia_20031,1,settlement settlement river settlement settlement food settlement food town river
dbpedia_12799,1,airline airline airline aircraft televisionstation airline airline person airline company
dbpedia_18335,1,city politicalparty officeholder school village person person film city person
dbpedia_8961,1,soccerclub station city university award organisation station soccermanager settlement city
dbpedia_6435,1,city park city song school settlement scientist city single settlement
dbpedia_18635,1,building settlement town historicplace person settlement historicplace artwork settlement river
dbpedia_10519,1,saint settlement building saint book person saint settlement saint saint
dbpedia_21334,0,automobile automobile automobile automobile automobile automobile automobile automobile automobile automobile
dbpedia_4179,1,settlement artwork artist pope artwork settlement film artwork christianbishop settlement
dbpedia_16759,1,person writer person album film architect tennisplayer christianbishop writer person
dbpedia_21482,0,book book book book book book book book album televisionshow
dbpedia_16317,1,city film televisionshow person film film film film film person
dbpedia_22293,1,person hollywoodcartoon film hollywoodcartoon film film film film film film
dbpedia_5146,1,non profitorganisation award award award award award organisation person award convention
dbpedia_22612,1,administrativeregion person officeholder town ship administrativeregion officeholder militaryperson scientist baseballplayer
dbpedia_20825,0,person baronet settlement writer officeholder person comicscreator militaryperson comicscreator person
dbpedia_20373,1,film building play person company university person officeholder building school
dbpedia_12294,1,politicalparty currency weapon televisionshow protein book manga company settlement fictionalcharacter
dbpedia_10148,0,album film film album crater person album artwork film album
dbpedia_6870,1,book town arachnid town arachnid chemicalcompound televisionepisode town chemicalcompound settlement
dbpedia_23067,0,election officeholder officeholder officeholder politician politician officeholder election officeholder officeholder
dbpedia_8062,0,station artwork food company artwork play film artwork building artwork
dbpedia_22593,0,politicalparty politicalparty president musicalartist politicalparty album album officeholder company settlement
dbpedia_23351,1,website website website website website website book website person website
dbpedia_7753,0,settlement person politician person person painter settlement island park governmentagency
dbpedia_13498,0,person person company person person person person person person person
dbpedia_7896,0,fish mammal mammal building animal scientist mammal televisionseason mammal chemicalcompound
dbpedia_9791,0,musicalartist scientist book film militaryconflict person language artist writer language
dbpedia_2137,0,school person soccermanager officeholder americanfootballplayer jockey school film company building
dbpedia_13830,1,website videogame videogame videogamesleague videogame person videogame videogame videogame videogame
dbpedia_12141,0,royalty royalty royalty noble royalty noble royalty royalty royalty royalty
dbpedia_3366,0,settlement officeholder politician legislature legislature settlement settlement legislature city settlement
dbpedia_12117,0,soccerplayer soccerplayer soccerplayer soccerplayer soccerplayer rugbyleague soccerplayer soccerplayer soccerplayer soccerplayer
dbpedia_1860,1,song song collegecoach song baseballplayer collegecoach collegecoach officeholder basketballplayer person
dbpedia_21395,1,congressman militaryconflict film person film settlement building village film village
dbpedia_6079,0,settlement royalty royalty soccerleague painter website settlement writer entomologist award
dbpedia_19506,0,place lacrosseplayer baseballplayer soccermanager academicjournal comicscreator cyclist academicjournal academicjournal golfplayer
dbpedia_16823,0,person book film poem writer poem book person writer person
dbpedia_11874,1,book ethnicgroup militaryconflict ethnicgroup country ethnicgroup militaryconflict ethnicgroup militaryconflict book
dbpedia_13715,1,museum historicplace historicplace building museum building historicplace building building building
dbpedia_19584,1,basketballplayer basketballplayer basketballplayer basketballplayer basketballplayer basketballteam basketballplayer basketballplayer basketballplayer basketballplayer
dbpedia_8886,0,year year holiday year year year year televisionseason aircraft musicalartist
dbpedia_19312,1,comicscreator person officeholder person person officeholder officeholder officeholder collegecoach economist
dbpedia_7786,0,officeholder officeholder judge judge officeholder judge museum judge museum officeholder
dbpedia_18499,0,formulaoneteam motorcyclerider formulaoneteam formulaoneteam formulaoneracer grandprix motorsportseason formulaoneteam grandprix grandprix
dbpedia_2683,0,film person film film person person film film single film
dbpedia_14255,1,bridge historicplace historicplace bridge bridge building bridge bridge bridge building
dbpedia_18400,0,university writer ncaateamseason ncaateamseason officeholder software ncaateamseason album road icehockeyplayer
dbpedia_21975,1,software company software person software software software company person device
dbpedia_1090,1,game game game book company game videogame game videogame game
dbpedia_6225,1,election election election election election election election politician election politician
dbpedia_21779,0,politicalparty politicalparty politicalparty legislature officeholder dam person election militaryconflict organisation
dbpedia_9364,1,supremecourtoftheunitedstatescase person album town town album prison school historicplace town
dbpedia_9540,1,disease disease disease disease criminal disease disease disease scientist disease
dbpedia_6882,0,weapon royalty royalty militaryconflict videogame noble royalty militaryperson noble royalty
dbpedia_22174,0,swimmer film model village person book politicalparty musicalartist single politician
dbpedia_21404,1,televisionshow televisionshow televisionshow televisionshow film televisionshow televisionshow televisionshow televisionshow televisionshow
dbpedia_1596,0,chemicalcompound drug enzyme enzyme drug drug chemicalcompound drug drug drug
dbpedia_22972,0,person company university person magazine building company hotel university museum
dbpedia_16818,0,award award award protectedarea building road band protectedarea album road
dbpedia_18470,0,comicscharacter comic comicscharacter comicscharacter book televisionshow comicscharacter publisher comicscreator organisation
dbpedia_2423,1,ethnicgroup royalty country person militaryconflict person royalty royalty person monarch
dbpedia_9287,0,royalty royalty royalty royalty royalty royalty royalty royalty royalty royalty
dbpedia_236,0,album album album album album album album single album album
dbpedia_6338,0,album single single writer album album single book eurovisionsongcontestentry album
dbpedia_21441,1,organisation ship software monument settlement software footballleagueseason website settlement soccerclub
dbpedia_14836,1,royalty mountain river game person royalty novel mountain formulaoneteam person
dbpedia_6858,1,weapon album weapon band album book currency book televisionshow televisionshow
dbpedia_17282,0,book academicjournal album televisionshow scientist film golfplayer album film film
dbpedia_12467,0,museum artist museum museum artist artist museum museum museum person
dbpedia_1916,0,single song single album album band album album album single
dbpedia_66,1,company fashiondesigner company soccerplayer book play person person fashiondesigner magazine
dbpedia_21729,1,river river river river river settlement river river river river
dbpedia_5593,1,bridge bridge bridge bridge bridge bridge bridge bridge bridge bridge
dbpedia_15573,0,school soccerplayer settlement film building militarystructure fish televisionshow album australianrulesfootballplayer
dbpedia_111,0,americanfootballleague soccerplayer soccerclub soccerclub soccerclub soccerclub soccerclub soccerclub soccerclub soccerclub
dbpedia_13653,1,officeholder person writer person writer person economist person officeholder person
dbpedia_5758,1,historicbuilding school film building religiousbuilding diocese historicbuilding historicbuilding historicbuilding religiousbuilding
dbpedia_6979,1,programminglanguage programminglanguage programminglanguage programminglanguage programminglanguage programminglanguage programminglanguage programminglanguage programminglanguage programminglanguage
dbpedia_1369,0,settlement settlement politicalparty settlement settlement politician settlement politicalparty officeholder politicalparty
dbpedia_15235,0,televisionshow beautyqueen website scientist organisation organisation reptile academicjournal beautyqueen scientist
dbpedia_18706,0,officeholder company person person person film martialartist officeholder person writer
dbpedia_8168,0,single musicalartist song album album settlement band televisionshow album film
dbpedia_18038,1,election election election election election election election politician officeholder officeholder
dbpedia_14997,0,book televisionshow book non profitorganisation book book televisionshow book book book
dbpedia_7139,0,food food food food restaurant food food company food food
dbpedia_11711,0,person musicalartist award person award award award person person award
dbpedia_14165,0,fictionalcharacter film film film film televisionshow televisionepisode film single album
dbpedia_1863,0,televisionshow book building settlement building building station university village stadium
dbpedia_13090,0,settlement officeholder historicbuilding soccerclub station station soccerplayer person soccerplayer station
dbpedia_4746,1,person person person person person artist person person person person
dbpedia_13114,0,athlete venue soccerclub athlete soccerclub olympicevent award film sportsevent cyclist
dbpedia_10464,0,holiday organisation organisation ethnicgroup organisation ethnicgroup ethnicgroup ethnicgroup ethnicgroup ethnicgroup
dbpedia_536,0,award award award award award award award award award award
dbpedia_20260,1,hospital university hospital hospital university university hospital hospital university hospital
dbpedia_20030,1,televisionshow film film film televisionshow fictionalcharacter film musicalartist person fictionalcharacter
dbpedia_22348,0,film film televisionshow song adultactor film song company settlement album
dbpedia_17686,1,musicalartist person scientist person single person politician musicalartist officeholder politician
dbpedia_13844,1,ship person person painter saint person film person painter film
dbpedia_15334,0,politicalparty organisation politicalparty politician politicalparty politicalparty election politicalparty person politician
dbpedia_20279,1,company company televisionshow televisionshow company film company company company company
dbpedia_3741,0,person book single televisionshow book book book book book book
dbpedia_1068,0,scientist officeholder settlement scientist station administrativeregion settlement settlement soccerplayer powerstation
dbpedia_18865,1,person basketballplayer collegecoach basketballplayer collegecoach basketballplayer basketballplayer ncaateamseason ncaateamseason basketballteam
dbpedia_13160,1,person person film noble writer ship person film historicplace city
dbpedia_11408,0,crater artwork artwork film film artwork artist artwork artwork artwork
dbpedia_12060,1,album album album album album album album album album album
dbpedia_9629,0,politicalparty politicalparty officeholder officeholder officeholder politicalparty officeholder officeholder officeholder officeholder
dbpedia_2555,1,station organisation airport settlement organisation building non profitorganisation airline person organisation
dbpedia_20574,1,writer settlement language language language radiostation book school writer language
dbpedia_4567,1,software software videogame software company software videogame company videogame videogame
dbpedia_3378,1,station station station station station station station station station station
dbpedia_1600,0,christianbishop christianbishop cardinal cardinal diocese christianbishop basketballplayer saint cardinal cardinal
dbpedia_20731,1,televisionepisode musicalartist televisionshow single album televisionshow televisionshow televisionshow single radioprogram
dbpedia_18067,0,religious soccermanager athlete royalty athlete governmentagency person royalty musicalartist software
dbpedia_1163,1,chemicalcompound chemicalcompound chemicalcompound drug chemicalcompound drug drug chemicalcompound drug chemicalcompound
dbpedia_13556,0,animal amphibian mollusca mammal crustacean mollusca plant fish fungus mollusca
dbpedia_17662,0,book book book book book writer organisation writer writer writtenwork
dbpedia_16230,0,book historian scientist book organisation historian writer book book book
dbpedia_1150,1,fictionalcharacter anime fictionalcharacter televisionshow videogame film book film album film
dbpedia_2900,0,person judge album person person album person scientist person person
dbpedia_20231,0,sportsteam soccerclub soccerclub soccerclub soccerclub soccerclub soccerclub soccerclub soccerclub rugbyclub
dbpedia_13194,0,royalty person writer militaryconflict royalty militaryconflict royalty militaryconflict militaryconflict militaryconflict
dbpedia_13425,0,planet planet planet planet planet planet planet planet planet planet
dbpedia_11465,1,person award person award play person award award award award
dbpedia_11896,0,person song hollywoodcartoon single song song person single person poem
dbpedia_23244,1,person film fictionalcharacter band single person album album person person
dbpedia_20147,1,park historicplace river bridge album river park river building administrativeregion
dbpedia_16169,1,disease species disease species disease species fungus disease disease species
dbpedia_3500,1,artery vein anatomicalstructure vein vein disease disease insect disease disease
dbpedia_16009,1,collegecoach ncaateamseason ncaateamseason film single televisionshow person televisionshow film criminal
dbpedia_10980,0,archaea species governmentagency administrativeregion species book mountainrange food settlement settlement
dbpedia_19406,1,officeholder book book book book book economist economist officeholder officeholder
dbpedia_15177,0,film americanfootballplayer album bank sportsteam book sportsteam criminal aircraft film
dbpedia_5240,0,administrativeregion building senator school historicplace building officeholder historicplace ship officeholder
dbpedia_2243,1,album album writer filmfestival album person album film school film
dbpedia_2497,1,settlement year year year year year year film book film
dbpedia_5879,1,place river river river river river river river river river
dbpedia_4940,0,school road road administrativeregion city museum building road railwayline railwayline
dbpedia_17350,1,administrativeregion settlement administrativeregion university administrativeregion station settlement settlement settlement airport
dbpedia_20925,0,gridironfootballplayer scientist governmentagency person person airport person film gridironfootballplayer officeholder
dbpedia_8987,0,royalty noble royalty pope noble monarch book officeholder noble militaryconflict
dbpedia_21337,1,road road road road road settlement building road road road
dbpedia_19193,0,village settlement administrativeregion road settlement militarystructure diocese settlement historicplace administrativeregion
dbpedia_8650,1,film recordlabel company televisionshow film televisionshow videogame screenwriter televisionshow televisionshow
dbpedia_7540,0,rocket launchpad launchpad yearinspaceflight building launchpad militaryunit artificialsatellite artificialsatellite launchpad
dbpedia_13031,1,photographer officeholder person officeholder film televisionepisode book musicalartist person officeholder
dbpedia_18627,1,company person televisionshow televisionshow televisionepisode person televisionstation company televisionshow televisionshow
dbpedia_16231,1,station station railwaystation station station station station station station station
dbpedia_18182,1,businessperson businessperson person musicalartist athlete company person ship publisher person
dbpedia_12478,1,legislature officeholder organisation legislature scientist election politicalparty politicalparty officeholder organisation
dbpedia_15041,0,holiday holiday single single single person televisionshow film song album
dbpedia_20243,1,village building road road road settlement person station road person
dbpedia_16171,0,album single song book single album song writer album album
dbpedia_5747,1,chemicalcompound chemicalcompound chemicalcompound chemicalcompound chemicalcompound chemicalcompound chemicalcompound chemicalcompound chemicalcompound chemicalcompound
dbpedia_6829,1,film company company software film album award person album album
dbpedia_22695,1,hollywoodcartoon film film writer book americanfootballplayer baseballplayer person americanfootballplayer americanfootballplayer
dbpedia_20039,0,beverage beverage beverage beverage beverage beverage person company beverage company
dbpedia_18080,1,officeholder film militaryperson politician politicalparty officeholder officeholder officeholder city politicalparty
dbpedia_6320,0,museum person ship company ship ship chemicalcompound company company ship
dbpedia_14956,0,televisionshow fish company software mammal fish mammal fish mammal mammal
dbpedia_22190,1,person soccerplayer soccermanager soccerplayer soccerplayer soccerplayer soccermanager soccerclubseason soccerclubseason person
dbpedia_13691,1,chemicalcompound chemicalcompound chemicalcompound chemicalcompound chemicalcompound chemicalcompound chemicalcompound chemicalcompound chemicalcompound chemicalcompound
dbpedia_16831,1,website software person software website software software software software software
dbpedia_9085,1,game videogame videogame televisionshow fungus album game food company bird
dbpedia_8164,0,airline airline airline airline airline airline airline airline airline airline
dbpedia_20629,0,person snookerplayer snookerplayer snookerplayer videogame snookerplayer snookerplayer snookerplayer athlete snookerplayer
dbpedia_3144,0,single single album person island lighthouse song album film single
dbpedia_6017,1,scientist officeholder economist officeholder politician person officeholder officeholder scientist politician
dbpedia_2975,0,bridge star mollusca mollusca mollusca settlement band book planet star
dbpedia_14838,1,station politician museum university university road road school film settlement
dbpedia_8102,0,artificialsatellite artificialsatellite rocket astronaut ship school artificialsatellite settlement artificialsatellite artificialsatellite
dbpedia_8156,1,mammal album book comicscharacter comicscharacter album film film person museum
dbpedia_4205,0,officeholder officeholder politician politicalparty officeholder settlement country settlement settlement village
dbpedia_1293,1,currency currency organisation economist currency currency company governmentagency governmentagency person
dbpedia_2586,0,drug disease organisation species island settlement species ship stadium album
dbpedia_15095,1,band album person company band musicalartist album film film film
dbpedia_7667,1,organisation organisation scientist university university scientist academicjournal scientist person organisation
dbpedia_76,1,single settlement single single band person film enzyme settlement settlement
dbpedia_2927,1,company company company airline company airline company militaryunit company company
dbpedia_3755,0,officeholder person politician person cardinal person person person judge person
dbpedia_18487,1,river fish city road protectedarea settlement settlement settlement building school
dbpedia_19355,1,person aircraft militaryperson governor militaryperson militaryperson militaryperson militaryconflict person person
dbpedia_16035,0,book book person person album person writer person icehockeyplayer person
dbpedia_8572,0,writer film scientist scientist play musicalartist scientist soccerplayer baseballplayer scientist
dbpedia_6486,0,writer book film film album film film single person album
dbpedia_4227,0,musicalartist scientist settlement band politician album village cricketer olympicevent album
dbpedia_4376,0,soccerplayer historicplace historicplace officeholder officeholder officeholder road artificialsatellite building televisionstation
dbpedia_4435,0,bank newspaper hotel soccerclub venue building soccerclub soccerclub collegecoach soccerclub
dbpedia_8947,0,disease disease disease disease drug disease drug disease drug brain
dbpedia_7108,1,settlement city settlement organisation settlement organisation town settlement settlement settlement
dbpedia_17357,1,song song album song musicalartist song single song single musicalartist
dbpedia_12896,0,ethnicgroup settlement lake city historicplace company railwayline town protectedarea protein
dbpedia_5225,0,artist album single album album album album album fictionalcharacter musicalartist
dbpedia_11427,0,administrativeregion administrativeregion administrativeregion administrativeregion administrativeregion administrativeregion museum bank radiostation radioprogram
dbpedia_6920,1,officeholder scientist organisation baronet scientist person person person person person
dbpedia_6403,0,book book album album artistdiscography album magazine book single book
dbpedia_3182,1,mountain mountain mountain mountain mountain mountain mountain mountain mountain mountain
dbpedia_1300,0,ncaateamseason ncaateamseason ncaateamseason ncaateamseason collegecoach ncaateamseason ncaateamseason ncaateamseason collegecoach ncaateamseason
dbpedia_19307,1,settlement town town administrativeregion aircraft settlement election ethnicgroup band country
dbpedia_11472,0,book book organisation writer book book book language writer videogame
dbpedia_15228,0,plant grandprix plant plant plant racingdriver plant plant soccerplayer grandprix
dbpedia_19863,1,currency currency politician settlement currency currency currency book album currency
dbpedia_14645,0,website musicgenre musicgenre disease album single televisionstation band single film
dbpedia_10286,1,politicalparty politicalparty politicalparty politicalparty politicalparty politicalparty politicalparty politicalparty politicalparty politicalparty
